{
    "templateName": "JSON Template 1",
    "imageSize": {
        "x": 100.0,
        "y": 100.0
    },
    "imageRotation": {
        "x": 0.0,
        "y": 0.0,
        "z": 0.0
    },
    "textFontColor": {
        "r": 1.0,
        "g": 0.9443638324737549,
        "b": 0.0,
        "a": 1.0
    },
    "textFontSize": 30.0,
    "textContent": "This is the 2nd ediition of the ad",
    "buttonColor": {
        "r": 0.0,
        "g": 0.4905660152435303,
        "b": 0.12721487879753114,
        "a": 1.0
    },
    "buttonSize": {
        "x": 150.0,
        "y": 50.0
    }
}